SUZLON.BO,,,,,
SPICEJET.BO,,,,,
ESSARPORTS.BO,,,,,
SOUTHBANK6.BO,,,,,
UNITECH.BO,,,,,
L&TFH.BO,,,,,
SPARC.BO,,,,,
STRTECH.BO,,,,,
AXISBANK6.BO,,,,,
ITC.BO,,,,,
TV18BRDCST.BO,,,,,
IBREALEST.BO,,,,,
PFS.BO,,,,,
JPASSOCIAT.BO,,,,,
HDIL.BO,,,,,
DISHTV.BO,,,,,
INDOSOLAR.BO,,,,,
GSFC.BO,,,,,
ASHOKLEY.BO,,,,,
NOCIL.BO,,,,,
BOMDYEING.BO,,,,,
JPPOWER.BO,,,,,
RENUKA.BO,,,,,
SINTEX.BO,,,,,
POWERGRID6.BO,,,,,
ALEMBICLTD.BO,,,,,
SBIN.BO,,,,,
MIRZAINT.BO,,,,,
GMRINFRA.BO,,,,,
DBREALTY.BO,,,,,
HFCL.BO,,,,,
KUWERIN.BO,,,,,
ALOKTEXT.BO,,,,,
MANJUSHREE.BO,,,,,
GABRIEL.BO,,,,,
SOUTHBANK.BO,,,,,
NHPC.BO,,,,,
EXIDEIND.BO,,,,,
IDFC.BO,,,,,
NCC.BO,,,,,
DLF.BO,,,,,
PIPAVAVDOC.BO,,,,,
ORICON.BO,,,,,
IBSEC.BO,,,,,
BANKBARODA.BO,,,,,
WEIZMANIND.BO,,,,,
NMDC.BO,,,,,
ESCORTS.BO,,,,,
DCW.BO,,,,,
TEXRAIL.BO,,,,,
MASTEK.BO,,,,,
RAJOOENG.BO,,,,,
MARKSANS.BO,,,,,
AXISBANK.BO,,,,,
HOTELEELA.BO,,,,,
VIRTUALG.BO,,,,,
HDFCBANK6.BO,,,,,
SSLT.BO,,,,,
EDELWEISS.BO,,,,,
KESORAMIND.BO,,,,,
TATASTEEL.BO,,,,,
GVKPIL.BO,,,,,
KSCL.BO,,,,,
RPOWER.BO,,,,,
HMT.BO,,,,,
BAJAJHIND.BO,,,,,
AKSHOPTFBR.BO,,,,,
BALLARPUR.BO,,,,,
HCL-INSYS.BO,,,,,
RCF.BO,,,,,
FCEL.BO,,,,,
RCOM.BO,,,,,
CROMPGREAV.BO,,,,,
ICICIBANK.BO,,,,,
POWERGRID.BO,,,,,
POLARIS.BO,,,,,
GDL.BO,,,,,
OPTOCIRCUI.BO,,,,,
TTML.BO,,,,,
TAKE.BO,,,,,
NIITLTD.BO,,,,,
ADANIPOWER.BO,,,,,
HCC.BO,,,,,
SUJANATWR.BO,,,,,
KPIT.BO,,,,,
LAKSHVILAS.BO,,,,,
PNBGILTS.BO,,,,,
BSLIMITED.BO,,,,,
FSL.BO,,,,,
INTELLECT.BO,,,,,
HINDALCO.BO,,,,,
MARUTI6.BO,,,,,
DELTACORP.BO,,,,,
TATACHEM6.BO,,,,,
TINPLATE.BO,,,,,
MAXWELL.BO,,,,,
CORPBANK.BO,,,,,
KOHINOOR.BO,,,,,
JINDALSAW.BO,,,,,
ONMOBILE.BO,,,,,
